<?xml version="1.0" encoding="UTF-8"?>
<!DOCTYPE mapper PUBLIC "-//mybatis.org//DTD Mapper 3.0//EN" "http://mybatis.org/dtd/mybatis-3-mapper.dtd">
<mapper namespace="com.online.taxi.order.dao.TblOrderLockDao">
  <resultMap id="BaseResultMap" type="com.online.taxi.order.entity.TblOrderLock">
    <id column="order_id" jdbcType="INTEGER" property="orderId" />
    <result column="driver_id" jdbcType="INTEGER" property="driverId" />
  </resultMap>
  <sql id="Base_Column_List">
    order_id, driver_id
  </sql>
  <select id="selectByPrimaryKey" parameterType="java.lang.Integer" resultMap="BaseResultMap">
    select 
    <include refid="Base_Column_List" />
    from tbl_order_lock
    where order_id = #{orderId,jdbcType=INTEGER}
  </select>
  <delete id="deleteByPrimaryKey" parameterType="java.lang.Integer">
    delete from tbl_order_lock
    where order_id = #{orderId,jdbcType=INTEGER}
  </delete>
  <insert id="insert" keyColumn="order_id" keyProperty="orderId" parameterType="com.online.taxi.order.entity.TblOrderLock" useGeneratedKeys="true">
    insert into tbl_order_lock (driver_id)
    values (#{driverId,jdbcType=INTEGER})
  </insert>
  <insert id="insertSelective" keyColumn="order_id" keyProperty="orderId" parameterType="com.online.taxi.order.entity.TblOrderLock" useGeneratedKeys="true">
    insert into tbl_order_lock
    <trim prefix="(" suffix=")" suffixOverrides=",">
      <if test="driverId != null">
        driver_id,
      </if>
      <if test="orderId != null">
        order_id,
      </if>
    </trim>
    <trim prefix="values (" suffix=")" suffixOverrides=",">
      <if test="driverId != null">
        #{driverId,jdbcType=INTEGER},
      </if>
      <if test="orderId != null">
        #{orderId,jdbcType=INTEGER},
      </if>
    </trim>
  </insert>
  <update id="updateByPrimaryKeySelective" parameterType="com.online.taxi.order.entity.TblOrderLock">
    update tbl_order_lock
    <set>
      <if test="driverId != null">
        driver_id = #{driverId,jdbcType=INTEGER},
      </if>
    </set>
    where order_id = #{orderId,jdbcType=INTEGER}
  </update>
  <update id="updateByPrimaryKey" parameterType="com.online.taxi.order.entity.TblOrderLock">
    update tbl_order_lock
    set driver_id = #{driverId,jdbcType=INTEGER}
    where order_id = #{orderId,jdbcType=INTEGER}
  </update>
</mapper>