<?xml version="1.0" encoding="UTF-8"?>
<!DOCTYPE mapper PUBLIC "-//mybatis.org//DTD Mapper 3.0//EN" "http://mybatis.org/dtd/mybatis-3-mapper.dtd">
<mapper namespace="com.online.taxi.order.dao.TblSeckillOrderDao">
  <resultMap id="BaseResultMap" type="com.online.taxi.order.entity.TblSeckillOrder">
    <id column="order_id" jdbcType="INTEGER" property="orderId" />
    <result column="order_status" jdbcType="INTEGER" property="orderStatus" />
    <result column="order_description" jdbcType="VARCHAR" property="orderDescription" />
    <result column="user_id" jdbcType="INTEGER" property="userId" />
    <result column="update_time" jdbcType="TIMESTAMP" property="updateTime" />
  </resultMap>
  <sql id="Base_Column_List">
    order_id, order_status, order_description, user_id, update_time
  </sql>
  <select id="selectByPrimaryKey" parameterType="java.lang.Integer" resultMap="BaseResultMap">
    select 
    <include refid="Base_Column_List" />
    from tbl_seckill_order
    where order_id = #{orderId,jdbcType=INTEGER}
  </select>
  <delete id="deleteByPrimaryKey" parameterType="java.lang.Integer">
    delete from tbl_seckill_order
    where order_id = #{orderId,jdbcType=INTEGER}
  </delete>
  <insert id="insert" keyColumn="order_id" keyProperty="orderId" parameterType="com.online.taxi.order.entity.TblSeckillOrder" useGeneratedKeys="true">
    insert into tbl_seckill_order (order_status, order_description, user_id, 
      update_time)
    values (#{orderStatus,jdbcType=INTEGER}, #{orderDescription,jdbcType=VARCHAR}, #{userId,jdbcType=INTEGER}, 
      #{updateTime,jdbcType=TIMESTAMP})
  </insert>
  <insert id="insertSelective" keyColumn="order_id" keyProperty="orderId" parameterType="com.online.taxi.order.entity.TblSeckillOrder" useGeneratedKeys="true">
    insert into tbl_seckill_order
    <trim prefix="(" suffix=")" suffixOverrides=",">
      <if test="orderStatus != null">
        order_status,
      </if>
      <if test="orderDescription != null">
        order_description,
      </if>
      <if test="userId != null">
        user_id,
      </if>
      <if test="updateTime != null">
        update_time,
      </if>
    </trim>
    <trim prefix="values (" suffix=")" suffixOverrides=",">
      <if test="orderStatus != null">
        #{orderStatus,jdbcType=INTEGER},
      </if>
      <if test="orderDescription != null">
        #{orderDescription,jdbcType=VARCHAR},
      </if>
      <if test="userId != null">
        #{userId,jdbcType=INTEGER},
      </if>
      <if test="updateTime != null">
        #{updateTime,jdbcType=TIMESTAMP},
      </if>
    </trim>
  </insert>
  <update id="updateByPrimaryKeySelective" parameterType="com.online.taxi.order.entity.TblSeckillOrder">
    update tbl_seckill_order
    <set>
      <if test="orderStatus != null">
        order_status = #{orderStatus,jdbcType=INTEGER},
      </if>
      <if test="orderDescription != null">
        order_description = #{orderDescription,jdbcType=VARCHAR},
      </if>
      <if test="userId != null">
        user_id = #{userId,jdbcType=INTEGER},
      </if>
      <if test="updateTime != null">
        update_time = #{updateTime,jdbcType=TIMESTAMP},
      </if>
    </set>
    where order_id = #{orderId,jdbcType=INTEGER}
  </update>
  <update id="updateByPrimaryKey" parameterType="com.online.taxi.order.entity.TblSeckillOrder">
    update tbl_seckill_order
    set order_status = #{orderStatus,jdbcType=INTEGER},
      order_description = #{orderDescription,jdbcType=VARCHAR},
      user_id = #{userId,jdbcType=INTEGER},
      update_time = #{updateTime,jdbcType=TIMESTAMP}
    where order_id = #{orderId,jdbcType=INTEGER}
  </update>
</mapper>